address,first_seen
0x5d420e9d0d4464b085a9378b2478cc0204c076d2,2025-08-24T19:48:02.648276+00:00
0xa931ae39f2e197224e2a8cc1a2c1d24e15713f4f,2025-08-24T19:48:02.650262+00:00
0x12f58460ce563fe6127e3da7dd8a37295fed3d6f,2025-08-24T19:48:02.650999+00:00
0x9ef4682519d85ee13eadeca743fa7af67c9909e9,2025-08-24T19:48:02.650999+00:00
0xcbff82d26415a9f13afed32cde00a163f68ba89a,2025-08-24T19:48:02.653075+00:00
0x0ded015a289cd96b39cbb34ddf42a3c37cab31e5,2025-08-24T19:48:02.654123+00:00
0x0d9442e6cd3caa855c1b0ecac2f530be6342c3c1,2025-08-24T19:48:02.654123+00:00
0x01e8dc3128a255a949df2871749c48e8f6dad59d,2025-08-24T19:48:02.655093+00:00
0x619b92a238d1f59c4201f79f147b557a1c351680,2025-08-24T19:48:02.656147+00:00
0x8264d6507542521db71ea1567c83521253dd4e51,2025-08-24T19:48:02.657158+00:00
0x77f150466ffa0c753d090b308b99dfc0aeea5935,2025-08-24T19:48:02.658193+00:00
0x849e7261decd7e6216d43b0ebe93f3370299a840,2025-08-24T19:48:02.658193+00:00
0x8856599b86858a4c61cb67c26c5b1d7d41faa49d,2025-08-24T19:48:02.659199+00:00
0x315d2ee4fccda0def532ef4108ff57204f8d9eba,2025-08-24T19:56:01.055859+00:00
0xae2fc483527b8ef99eb5d9b44875f005ba1fae13,2025-08-24T19:56:01.057916+00:00
0x22d168182d2e1cd69bcb7507db52d826686e4f54,2025-08-24T19:56:01.057916+00:00
0x1e59145625236d3663fc63d000a31d42d3393cee,2025-08-24T19:56:01.059924+00:00
0xfc9928f6590d853752824b0b403a6ae36785e535,2025-08-24T19:56:01.062953+00:00
0xc688f931074d660fa93f857b16f6200d07d55f69,2025-08-24T19:56:01.064001+00:00
0x2d7073d3160f2492677844fabf01dd9143c186f2,2025-08-24T19:56:01.066067+00:00
0xb1b2d032aa2f52347fbcfd08e5c3cc55216e8404,2025-08-24T19:56:01.066067+00:00
0x2973a0da0cbd8a3bd7a6aeab4b62a1365a22139c,2025-08-24T19:56:01.068643+00:00
0xa0b9faac81f34a849d57516a0193b37ec23e70b8,2025-08-24T19:56:01.070667+00:00
0x0c490e121ab2da7cbaee893905b000d2740bb017,2025-08-24T19:56:01.072678+00:00
0x7ab83a3609ea3fd401fe6ff91826cbd566391f18,2025-08-24T19:56:01.074225+00:00
0xf822eb80fe84000c594436e2e801a343359b3ccd,2025-08-24T19:56:01.076317+00:00
0xd3d737012acda40f209f31b7f16fc83f7b5b494d,2025-08-24T19:56:01.078894+00:00
0xf51710015536957a01f32558402902a2d9c35d82,2025-08-24T19:56:01.078894+00:00
0xa57e55ec968aaf937c4df7179cc884381b684c28,2025-08-24T19:56:01.080927+00:00
0x6c6f0b96227ed73cb9ace5c39d35ef29c57efda9,2025-08-24T19:56:01.082944+00:00
0x639b2d751e6436667b97fe350c0fed111fc33fb4,2025-08-24T19:56:01.084491+00:00
0x8d093081c52c78efb6c382d4e742b8964c38360c,2025-08-24T19:56:01.086577+00:00
0x36d63e35446baf55893a710cfe6dbdd300ece496,2025-08-24T19:56:01.088627+00:00
0x3131f201bc68c615e289fcfdd6ead12e8a94c768,2025-08-24T19:56:01.093149+00:00
0xdf8adfe10d4a4d9f0fc4d3e377a6e8d5730eb40c,2025-08-24T19:56:01.094694+00:00
0xf4cfa195eea846aaee451ab48fe0378e13b03a57,2025-08-24T19:56:01.096743+00:00
0x33d103889d3e7b17d337b88ef1c7e0ba91ef731f,2025-08-24T19:56:01.096743+00:00
0x3e2b2cdc0ad8c5c945d1768ea36db2a6f15bbefc,2025-08-24T19:56:01.096743+00:00
0xa009fa1ac416ec02f6f902a3a4a584b092ae6123,2025-08-24T19:56:01.100601+00:00
0x4658eee07fcdad72547d268e44a139bc40b0986b,2025-08-24T19:56:01.100601+00:00
0xfcb73f6405f6b9be91013d9477d81833a69c9c0d,2025-08-24T19:56:01.103114+00:00
0xac836b11240e35c116d2268fd1a93a9344dc3978,2025-08-24T19:56:01.105591+00:00
0xf8108bc1a9de692161b232e16d2b4e1924757ffd,2025-08-24T19:56:01.107462+00:00
0x9c4ebb54625b1e93e987e287fa832bd2e0a854b7,2025-08-24T19:56:01.108517+00:00
0x642183041f6c482d5a8db275f7f671d72c3f7ed4,2025-08-24T19:56:01.108517+00:00
0x6bf97afe2d2c790999cded2a8523009eb8a0823f,2025-08-24T19:56:01.109516+00:00
0xb01caea8c6c47bbf4f4b4c5080ca642043359c2e,2025-08-24T19:56:01.111518+00:00
0xf59e1ab19fe4d7c27f3d2facb036d23bbc4a568d,2025-08-24T19:56:01.113029+00:00
0xc14726b89b082ca0a923012fb5763d47d38544e4,2025-08-24T19:56:01.115044+00:00
0x0e7518b332f469a6a2f59e690f225cef5157cca9,2025-08-24T19:56:01.115554+00:00
0xb55c58aee13f13fdc4ea0d84502a409056253d05,2025-08-24T19:56:01.117067+00:00
0x6cdb7776f6a20b9ed4441b791e9541a6fc04e313,2025-08-24T19:56:01.118083+00:00
0x14ef26f269a0a5992342641bf88ec24c335715c9,2025-08-24T19:56:01.120808+00:00
0xdbbe3d8c2d2b22a2611c5a94a9a12c2fcd49eb29,2025-08-24T19:56:01.122808+00:00
0x5050f69a9786f081509234f1a7f4684b5e5b76c9,2025-08-24T19:56:01.125845+00:00
0xe19edec8fb9faeb0dcaf3fc73d6487c7cfcabaa5,2025-08-24T19:56:01.127355+00:00
0xbcb72989e8ba14ec65b4c2a36e2ddefa3a855b81,2025-08-24T19:56:01.129371+00:00
0xc526b90c6aa1c8711cdaba74de935f3d56a9e7b9,2025-08-24T19:56:01.131368+00:00
0xc8df1a5953aa7f62a35ff1501e0c10eb3c33ebfe,2025-08-24T19:57:52.374106+00:00
0x6f0a91ef8adeb54db0e63be507747ab9a31d3926,2025-08-24T19:57:52.375124+00:00
0xb36ce3f521a1ff4b0cffb82ddd71f0a51fcf56ce,2025-08-24T19:57:52.376124+00:00
0xded97776f0af563aa9c09634dc32cca04b7091e3,2025-08-24T19:57:52.377323+00:00
0x3a67b184803641ba107c4c75276d747d123e49ca,2025-08-24T19:57:52.378828+00:00
0x5fa60dd1d2809604496d3315ab6f878bd59f64d4,2025-08-24T19:57:52.378828+00:00
0xdc0d3715f7e32e6f602c7cc5e78576f5e97c569d,2025-08-24T19:57:52.380340+00:00
0xf969a9ba5adb4461825662cf85c41ddd538d5db8,2025-08-24T19:57:52.381531+00:00
0xeaa9ebddd373c4bd8bb92dfcc9c7e7fcdb268e51,2025-08-24T19:57:52.381531+00:00
0x036c43c662ebb15d44ac17c5ed1444ca2729f829,2025-08-24T19:57:52.383229+00:00
0xbe99f986891fd3c2800fb8fe560bbc3783372430,2025-08-24T19:57:52.384241+00:00
0xf5213a6a2f0890321712520b8048d9886c1a9900,2025-08-24T19:57:52.385386+00:00
0x711a13b64896e86e350a394cf3d487a0f89dc5d0,2025-08-24T19:57:52.387549+00:00
0xf0875e5978f76afb769a63b6d1115adc16cf22b5,2025-08-24T19:57:52.389342+00:00
0x3b33018f4067f6b99c9d973d5228c296a7586b10,2025-08-24T19:57:52.389342+00:00
0x48cd55546fbdd04e02575f5253034080ece5d855,2025-08-24T19:57:52.390957+00:00
0x58a497019644d8c383c8d3764c32ffd43506e836,2025-08-24T19:57:52.391975+00:00
0xfe59ae84791b92c44613a68777dbe643f9285573,2025-08-24T19:57:52.392975+00:00
0xa64005be80a350520402117af9968fbcb2c638be,2025-08-24T19:57:52.394197+00:00
0x9eb9e9b2ba5c2665a16beaa8e137410358b6beaf,2025-08-24T19:57:52.396211+00:00
0x12dde15d3bc00d69fb6f94b5afe8cb71a364756c,2025-08-24T19:57:52.397387+00:00
0xa03400e098f4421b34a3a44a1b4e571419517687,2025-08-24T19:57:52.397387+00:00
0x7a57b319b508b23e454e0b02ccd1b069c3f7bb32,2025-08-24T19:57:52.400107+00:00
0x17891f03d1e5e1dca66d622d7b64facd9cb4aa02,2025-08-24T19:57:52.401105+00:00
0x7692527f9f291e8bce0cbbe5732bf39654eef8e4,2025-08-24T19:57:52.401622+00:00
0xcc2bc4f50aa27dbfbb7afbfc3ccb80995f8d4a44,2025-08-24T19:57:52.402763+00:00
0x97c6ae3937f5ffc1516a3af718804e049e280058,2025-08-24T19:57:52.403776+00:00
0xf1088841ab08fc1cb3835fd75207bcb3137f6ee3,2025-08-24T19:57:52.406137+00:00
0x44fee18f6c2dc25eb211f8153a7d835e48a4bacb,2025-08-24T19:57:52.407134+00:00
0xab97925eb84fe0260779f58b7cb08d77dcb1ee2b,2025-08-24T19:57:52.408136+00:00
0x81dc771e308c76c3e06f635abed7fb24830fb824,2025-08-24T20:00:11.558411+00:00
0x1ba98272731f1ab5cc33a02f88694c39916e26df,2025-08-24T20:00:11.562815+00:00
0xd2700e7bbe0a8af6d6c5b3f61d27855daa425a53,2025-08-24T20:00:11.565936+00:00
0x96ba5cef8ba7083212bf23916a4aaa6426a18e1d,2025-08-24T20:00:11.568029+00:00
0xa270f3ad1a7a82e6a3157f12a900f1e25bc4fbfd,2025-08-24T20:00:11.568029+00:00
0x62d63efdfdc7804666725f4cc8cb45c1a41a0809,2025-08-24T20:00:11.573148+00:00
0xa2e33e6473022769bae94c7b574a981f98f4a028,2025-08-24T20:00:11.573148+00:00
0xea9e60d2b8c2b089a3e33af1495aacb65099574f,2025-08-24T20:00:11.576909+00:00
0x00f0870bdeb9c7c98c44058d46a5ec261d352d0c,2025-08-24T20:00:11.578473+00:00
0xebedc8e9ff409b23dd251f87ccbffa8075f87255,2025-08-24T20:00:11.578473+00:00
0xd58715acf80332968ff1d9a000aea88d8034d80d,2025-08-24T20:00:11.580960+00:00
0x264bd8291fae1d75db2c5f573b07faa6715997b5,2025-08-24T20:00:11.580960+00:00
0x8ab399cbb9fdb9a36518a7e7eddf89158e56c595,2025-08-24T20:00:11.585018+00:00
0x40ddcd054509753f1e2724b0a3974e31ff479a4c,2025-08-24T20:00:11.586567+00:00
0x872fb9463f94bf67aeeb7e91ebdd59768b81fe6d,2025-08-24T20:00:11.586567+00:00
0x0fa5c1569edcc302787045940eed0124098f9b22,2025-08-24T20:00:11.588595+00:00
0xeff7337b37c8d217d01cb8223fe497abd75190d5,2025-08-24T20:00:11.588595+00:00
0x4daeae237dae080d357f0fe7d7e6dac02cc9f7c9,2025-08-24T20:00:11.588595+00:00
0x11a132bf9cf5f3c2f8e5d27fa0b1067d846dee21,2025-08-24T20:00:11.588595+00:00
0x2f87e500a527c872fef902560c12e8b065595c3b,2025-08-24T20:00:11.592800+00:00
0x098cbdd8eb01b19d37539644821772e9bde12d55,2025-08-24T20:00:11.592800+00:00
0xf2ab044281c40247edf2bf0a8dbc5dd66de3f5ad,2025-08-24T20:00:11.592800+00:00
0xae2d4617c862309a3d75a0ffb358c7a5009c673f,2025-08-24T20:00:11.596661+00:00
0x1ffda89c755f6d4af069897d77ccabb580fd412a,2025-08-24T20:00:11.596661+00:00
0x9cf030e44c86e47c16292201152c7d5b9092eba9,2025-08-24T20:00:11.598732+00:00
0x79f78e2c48286249e9214b21b2214de4a498965e,2025-08-24T20:00:11.598732+00:00
0x0b488abdfd9eea4a60e0ef8f717f70df07b0ff0b,2025-08-24T20:00:11.598732+00:00
0x50e225171f9f03fafc4ce3107a858660a6e73a36,2025-08-24T20:00:11.602875+00:00
0x8d13573dcd309b455c8b795bc59ada17da8e8710,2025-08-24T20:00:11.604662+00:00
0xcff718e5c0ac30fa2f29112563611ec767ac5adc,2025-08-24T20:00:11.604662+00:00
0x4472e087d46dd2d11a9f896232bad06f23357f3b,2025-08-24T20:00:11.606678+00:00
0x0f2232e027abc74e5f3ea8ad220374cd35a74767,2025-08-24T20:00:11.606678+00:00
0x12d2b8ac38c59758a062a9f757f2740461779439,2025-08-24T20:00:11.608774+00:00
0x8a23923f79f315cb3ebf7f2a1537d460e1669f74,2025-08-24T20:00:11.608774+00:00
0xa5b4ec14c94c235f0644bd5e89a5b124ce3746b0,2025-08-24T20:00:11.608774+00:00
0x1a96d607d8d012dffb95fa4d36cfa033c20aadc7,2025-08-24T20:00:11.612860+00:00
0x18e296053cbdf986196903e889b7dca7a73882f6,2025-08-24T20:00:11.612860+00:00
0x268bf06c4313f52f7b6ffa103b8581ac75444d73,2025-08-24T20:00:11.612860+00:00
0xae2a71bcd86917713d31b6e9ab2ba329d9d5677f,2025-08-24T20:00:11.612860+00:00
0x012259c7510e65b3acad37cbb4fd67eaac24937c,2025-08-24T20:00:11.617051+00:00
0x55d6c04974fd7ea76ec6f21600cc08ca15934582,2025-08-24T20:32:26.757032+00:00
0x5d8628b269c126df548502ddbfd9b12969dbed38,2025-08-24T20:32:26.758025+00:00
0x84bdb6e86b4dec25e4be9c4efaaf573cb48854e7,2025-08-24T20:32:26.759547+00:00
0x13b4be0272cba30ad4b176e0634ae2fe526377e2,2025-08-24T20:32:26.760549+00:00
0x2b91d04898ebcdf0d73004c011a2e754fda70ca9,2025-08-24T20:32:26.761712+00:00
0x9eb7b59c78aff3b0cfb4cf8080ee77420031595e,2025-08-24T20:32:26.763855+00:00
0xce3da0717259a7b5bd6cc725113426311a8a83ef,2025-08-24T20:32:26.765005+00:00
0x4eb4e3a17ab075d323c08a5091199a3069debb1e,2025-08-24T20:32:26.766013+00:00
0x72914c9b6c5457fb775be044b4c26c0353ce82c0,2025-08-24T20:32:26.767177+00:00
0x32fc8fc064e8530e1478a7059fdca7c0c5779469,2025-08-24T20:32:26.769330+00:00
0xccc0974971fbc6cf5eb26d80338c38b0a364a3f7,2025-08-24T20:32:26.770829+00:00
0x8831a951ba1dffdf4c48efb8e4aa8efeced8c88b,2025-08-24T20:32:26.771839+00:00
0x425a41369d083f26748352338c4dc981b2d557c8,2025-08-24T20:43:33.099018+00:00
0x58dfad50d45089580d84517e826728f42b52cfb2,2025-08-24T20:43:33.099018+00:00
0x581592f3c5ad6f9832669a448fa9843b92de69cd,2025-08-24T20:43:33.101111+00:00
0x64cd63d25b5db4205a73434ab840792046126f34,2025-08-24T20:43:33.101111+00:00
0x092b0ec87187898ca99d7a29938f26d623b7dc01,2025-08-24T20:43:33.101111+00:00
0x31905e88eac771ead9d471cfb21a2544a6b2cf1e,2025-08-24T20:43:33.101111+00:00
0x55980e9a64035aea848b7a908cab365cfd679e41,2025-08-24T20:43:33.101111+00:00
0x4f846a73e50edae9bdf8ad8df817d5d2eb5c8870,2025-08-24T20:43:33.101111+00:00
0x78c8de703780c85d48d42dcba3e55c5d877e09b6,2025-08-24T20:43:33.108120+00:00
0x869ff25824e2d47f2551762a9711b62b1ebfe1fa,2025-08-24T20:43:33.109134+00:00
0x14efecaf9a18e4152f676f9b31b08fa97d721fc4,2025-08-24T20:43:33.111228+00:00
0x0c913b7783382173117a24dd6d8b7a5f59146693,2025-08-24T20:43:33.111228+00:00
0x6beb9fedd52fb419b8d0fad5cfbaa81e52461053,2025-08-24T20:46:00.978934+00:00
0xc19b8a73f182d4a4ccb85995ee1e008f711e2ef3,2025-08-24T20:46:00.980951+00:00
0xc6050d0789a0012a468180b8a5b5358fbe6acd81,2025-08-24T20:46:00.983472+00:00
0x44306c23fc2ea97da18c349042dc62f504923a63,2025-08-24T20:46:00.985485+00:00
0xe45dab1963db3604f3a4d1c5b05ca62b45928bd0,2025-08-24T20:46:00.986485+00:00
0x6ba335e5bb34bfcac7aef40628eff847b7af0851,2025-08-24T20:46:00.987485+00:00
0xd9528700c9525135b9a18424b15d06f00db5aea6,2025-08-24T20:46:00.988995+00:00
0x00fa242ff891f64c007106987247fe7723e655cd,2025-08-24T20:46:00.991514+00:00
0x8a14ce0fecbefdcc612f340be3324655718ce1c1,2025-08-24T20:46:00.993024+00:00
0xbe3569068562218c792cf25b98dbf1418aff2455,2025-08-24T20:46:00.995037+00:00
0x3999a1df8f6a23c594730f781fff18c316bf1e1f,2025-08-24T20:46:00.997037+00:00
0xd6f9f050049d34782e934e40b946be2f70184d89,2025-08-24T20:46:00.999036+00:00
0xd8711ba888a166b5242ab82c9c3c2fab01bbace4,2025-08-24T20:46:01.001057+00:00
0x61eac1f1c50c501af35a48d6ab7c42c24b399536,2025-08-24T20:46:01.003576+00:00
0xe6c4e99725541992a34477849c93901a96bf7812,2025-08-24T20:46:01.005787+00:00
0x27db2f7c5d5443c6e091b803ebc6c65e24988eee,2025-08-24T20:46:01.006928+00:00
0x0b8fa865b775b0b7ad60b34263dc139ef78d9100,2025-08-24T20:46:01.008933+00:00
0xf5aae5276b1ed63544edb779dcd7e449a7d8017b,2025-08-24T20:46:01.011060+00:00
0x045b7bd7fa263f638c8b1982387b2cab012b65ae,2025-08-24T20:46:01.013165+00:00
0x9c50176f41bcfa88aed806a74f0c047e3b61e5a6,2025-08-24T20:46:01.015299+00:00
0xe0725e06c750ec5d441fef1260c34501ce886f7a,2025-08-24T20:46:01.017392+00:00
0xbbad96336943a36e3e292d973b3382dd0ba4d1ef,2025-08-24T20:46:01.019037+00:00
0x14a3da77df28dd4f88a3fe020abd418281323555,2025-08-24T20:46:01.021573+00:00
0x534b75f3a245df3d4dc1de9ee324c438e049d9f5,2025-08-24T20:46:01.021573+00:00
0x3a09c40f8f7b93c8c7e09a5422e56dfe7c7d2794,2025-08-24T20:46:01.024104+00:00
0xd71a04750929c3156c6cdd238a922a4ad29cee29,2025-08-24T20:46:01.025098+00:00
0x66252acb7cf9c5e121297b3c5828ff07ea6cdedf,2025-08-24T20:46:01.026102+00:00
0xba270f5c5f804af3b4f620b81d5ee79314b3abe5,2025-08-24T20:46:01.027102+00:00
0xf05a4ef81fd8bd517e00f7bb47b8520fb4c73bcb,2025-08-24T20:46:01.028105+00:00
0x6ab9c363e4f01e46de0a8868f19b02324e57e048,2025-08-24T20:46:01.029105+00:00
0x042523db4f3effc33d2742022b2490258494f8b3,2025-08-24T20:46:01.031968+00:00
0xf6b988c573897c7b9c90747858aa5d8c56e210b5,2025-08-24T20:46:01.033481+00:00
0x2982bb64bcd07ac3315c32cb2bb7e5e8a2de7d67,2025-08-24T20:46:01.035492+00:00
0x559432e18b281731c054cd703d4b49872be4ed53,2025-08-24T20:46:01.037490+00:00
0x851b12d530d947c9e043eb4d8852aca1a601e9e3,2025-08-24T20:46:01.041011+00:00
0xe98eb1dffdbc2b5d90f29d29c8f8850612857722,2025-08-24T20:46:01.041011+00:00
0x3ee4d9effdb8a0350b8be67896d166b49f1b9b09,2025-08-24T20:46:01.042986+00:00
0x26a78d5b6d7a7aceedd1e6ee3229b372a624d8b7,2025-08-24T20:46:01.044995+00:00
0x8dbbd5a7b28378c5eb0e49c2e94fb906073c0b79,2025-08-24T20:46:01.046000+00:00
0x33300128e425380e684ffaa315e7d4fa1577480f,2025-08-24T21:52:33.868948+00:00
0xd2e58595e6c647536f4d835421988b255b08215b,2025-08-24T21:52:33.870948+00:00
0xcbdffd857d8584ee992095405b21a37e7ac2836f,2025-08-24T21:52:33.871944+00:00
0x88461cef643dee1963f04cbc264bc3741df4c8b0,2025-08-24T21:52:33.873460+00:00
0x513dc959161fadef3dc76b2e8ae777629f6d3339,2025-08-24T21:52:33.874979+00:00
0x8da39171535616da22807db17824fd7485ca7f82,2025-08-24T21:52:33.875997+00:00
0x4aef5e8515b3d8169506f7b6ecbf0daade813f68,2025-08-24T21:52:33.878000+00:00
0xc2278ab2e1be17d38d6cf90ccebc32806a802087,2025-08-24T21:52:33.878999+00:00
0xaac1d1e4b0f4f9e496454de24ece5a1d1c3b034c,2025-08-24T21:52:33.881436+00:00
0x84dd36ba8b9caa85a4b9423d3d79de22fe939ade,2025-08-24T21:52:33.883962+00:00
0xc94d9644b83de9c7328ab3e6a06efa10a3710c19,2025-08-24T21:52:33.885481+00:00
0xf913056a79375b222fb0d810e64869523682bb25,2025-08-24T21:52:33.888490+00:00
0xba14d587a63c86d1210f12ef9183efce00121d0a,2025-08-24T22:02:24.566592+00:00
0x6b68a2e40e0f3b251accc55d5764e8ebc33609a7,2025-08-24T22:02:24.571125+00:00
0x851e32d50bfb85bb49314969bddec5b7ab70cade,2025-08-24T22:02:24.573127+00:00
0xa9e479e2683eda6629ce8741f38cecced86e24fe,2025-08-24T22:02:24.575127+00:00
0xa0018c34f7a82e2b2bb0b4702858977cfa024cf7,2025-08-24T22:02:24.577645+00:00
0x0f413c5ef875f20723b5cd1d80b7e520de84d96d,2025-08-24T22:02:24.579151+00:00
0x429f1c75ed9756185e96022088643ecaab7eef11,2025-08-24T22:02:24.580161+00:00
0xbec1f0436812e557eb75c31790682be840337b42,2025-08-24T22:02:24.582162+00:00
0xd6168b4fdedf3c99e43700211895379f9d88709f,2025-08-24T22:02:24.583163+00:00
0xa1570499e27567a426f3b7af7e7e09ea36de886c,2025-08-24T22:02:24.586067+00:00
0xe23bc7abf27509cc707426d404a4c399902a17a7,2025-08-24T22:02:24.588591+00:00
0x79020086c4f6f181e01efe939526d10af1032632,2025-08-24T22:02:24.591111+00:00
0x65a8f07bd9a8598e1b5b6c0a88f4779dbc077675,2025-08-24T22:32:20.604847+00:00
0x4c5f6ad6628d205259443ebcf6cc4cdd7d6cbf81,2025-08-24T22:40:24.316677+00:00
0xeca74721caa0ed4c060ef948674fd7ce9c405964,2025-08-24T22:40:45.130919+00:00
0x0aa414ed7af1fb778364e9771a2ce558d4ff647c,2025-08-24T22:41:04.324847+00:00
0x98e8d80326bd3689786d6c1306c8e03818cc8a64,2025-08-25T22:02:12.283904+00:00
0xa5a376007035761a7a6b2c897759324e69f92a60,2025-08-25T22:02:12.288138+00:00
0x91aae0aafd9d2d730111b395c6871f248d7bd728,2025-08-25T22:02:12.291195+00:00
0x63550db0737dad40a04800a9706d1714c6e7d3be,2025-08-25T22:02:12.293190+00:00
0x0b4736854bfdf8032f83b551129abbaebeb25843,2025-08-25T22:02:12.297068+00:00
0x9391466ad56f2705ce5fd12e763a65509aee4862,2025-08-25T22:02:12.297068+00:00
0x8c9c7c8f5db5d019706ea7fc536b9625f2324fca,2025-08-25T22:02:12.299703+00:00
0x20d6cae60b5dc9b170809406559ac7b8a3c50331,2025-08-25T22:02:12.301714+00:00
0xc5f56a056a022eab1ec5dd75031a950a65b2e9d6,2025-08-25T22:02:12.301714+00:00
0xc2e4a29cb0831ed899e1d39a5a59a6959242b56b,2025-08-25T22:02:12.301714+00:00
0x8a09b28732f91882c935eb09144e5439bb986635,2025-08-25T22:02:12.301714+00:00
0x82d8a4de94e45becb8eff6fe3b78d202c887c4ca,2025-08-25T22:02:12.301714+00:00
0xe10de24563156c54fc5aea12083959e983446f8c,2025-08-25T22:02:12.310096+00:00
0x9276921578be8dbfac4c7a2ed2fe598bfefc7a34,2025-08-25T22:02:12.310096+00:00
0x9279aa7b633ced7fbf3a3b19bd91ccedecd41b43,2025-08-25T22:02:12.310096+00:00
0xbd9b34ccbb8db0fdecb532b1eaf5d46f5b673fe8,2025-08-25T22:02:12.310096+00:00
0x74dec05e5b894b0efec69cdf6316971802a2f9a1,2025-08-25T22:02:12.310096+00:00
0xcf63a5c65e9da9e7cc44e212bcb9cd3f508ddcf9,2025-08-25T22:02:12.310096+00:00
0xcfafc6bdd1b92e510d5409ee460bb1a712165aa8,2025-08-25T22:02:12.310096+00:00
0xc27b1b1590903e4afe094b3348ef77cc46fae8cb,2025-08-25T22:02:12.310096+00:00
0x386f5c7c91060b48698bbe8bd44c6dc2b8a0b8b2,2025-08-25T22:02:12.310096+00:00
0xbd084552e1f969c108accb58b34f893b962d25ba,2025-08-25T22:02:12.310096+00:00
0x46340b20830761efd32832a74d7169b29feb9758,2025-08-25T22:02:12.310096+00:00
0x35f5c346b131109fa069fd6bb2320bf48bfaf430,2025-08-25T22:02:12.325781+00:00
0x7ca2b9d7caaa28cb1522e39055781e60d72742b4,2025-08-25T22:02:12.325781+00:00
0x00000027f490acee7f11ab5fdd47209d6422c5a7,2025-08-25T22:02:12.325781+00:00
0xb2fa7ae534ce488af0f86742b27c30e0921c6db6,2025-08-25T22:02:12.325781+00:00
0x6522b7f9d481eceb96557f44753a4b893f837e90,2025-08-25T22:02:12.325781+00:00
0x775b203c67cae4c9a9bdf049a34c5e7e5efa81e6,2025-08-25T22:02:12.325781+00:00
0xa6a392d8256fa975196ec6069f39b1fda5a30912,2025-08-25T22:02:12.325781+00:00
0xe93685f3bba03016f02bd1828badd6195988d950,2025-08-25T22:02:12.325781+00:00
0x0b0e65cc5aea000593de7125f1f6dcf8ba299eb0,2025-08-25T22:02:12.325781+00:00
0x458c2a06ba8dc3def078513ad98e9da8ced39e02,2025-08-25T22:02:12.341830+00:00
0xb41634cf86046fd8c7c1cea478cd76a30ff11b73,2025-08-25T22:02:12.341830+00:00
0xcaa82a0a4a09eb74f3d497286646391add3f308a,2025-08-25T22:02:12.341830+00:00
0x7b61a16bc96bf21c288cb2677dcd84b777a9fd3e,2025-08-25T22:02:12.351306+00:00
0x48dda1266267651a3877c44568b7cc9357cc4f91,2025-08-25T22:02:12.351306+00:00
0xc954009bee77bd7f3185a7f9411ee8fa583753d1,2025-08-25T22:02:12.351306+00:00
0x5a03d830320355e4ec1ec125d6f720c06f661803,2025-08-25T22:02:12.351306+00:00
0x71e3de96dc206bd0d27bc8048c671013bf2008bd,2025-08-25T22:02:12.357713+00:00
0x1dfae0bb9a3e315509f6cf35a8a1a674b8b5bd6a,2025-08-25T22:02:12.360072+00:00
0x07ae8551be970cb1cca11dd7a11f47ae82e70e67,2025-08-25T22:02:12.360072+00:00
0x5910a9f4a27d3905b70372efa6f766ddc982e697,2025-08-25T22:02:12.360072+00:00
0x5ee3a5294d18fd26a8eb006c1c803020ccce3796,2025-08-25T22:07:42.319538+00:00
0xc35cfea394f43e10f8b8942e1ef17f0cd5daf8c4,2025-08-25T22:07:42.322541+00:00
0xbc93da1ef251a3de5a165cb5b33c9564af29763c,2025-08-25T22:07:42.324553+00:00
0x38d841023b8c0ce38a2a40839de69ea3ace246a8,2025-08-25T22:07:42.326573+00:00
0xfb6ad2d010f46c82c8502bbb0d4de50f35e0f900,2025-08-25T22:07:42.328092+00:00
0x0a0256a9166041101c90be87bbebb8242a3ba015,2025-08-25T22:07:42.331115+00:00
0x993f64e049f95d246dc7b0d196cb5dc419d4e1f1,2025-08-25T22:07:42.332661+00:00
0xc3c5390da203e1c040bc19e5d375619a7ac53296,2025-08-25T22:07:42.333671+00:00
0x71f855ea11f2735bcfe2a2338aa3884afd4a1e24,2025-08-25T22:07:42.336209+00:00
0x772542da746b6455bf7c20458197d53e70565b35,2025-08-25T22:07:42.337795+00:00
0x4302d92cd03ea8d7eed1587136846e756d97e2fa,2025-08-25T22:07:42.339349+00:00
0x3b25d8e0801df1264a3d3a5f0bb79bbc292a09fb,2025-08-25T22:07:42.341387+00:00
0x396343362be2a4da1ce0c1c210945346fb82aa49,2025-08-25T22:07:42.343953+00:00
0xd61212a30be70108c00314664a7d286a4f3c01f1,2025-08-25T22:07:42.345496+00:00
0x37f2b5146d44857d1204259cdaf3c2a38104551e,2025-08-25T22:07:42.347580+00:00
0x10c4d1d740cf90a293fe84c59fef57b316d8db51,2025-08-25T22:07:42.349606+00:00
0x974caa59e49682cda0ad2bbe82983419a2ecc400,2025-08-25T22:07:42.350602+00:00
0xf70da97812cb96acdf810712aa562db8dfa3dbef,2025-08-25T22:07:42.352647+00:00
0xdce5ad992b88aafa65ab0461da1bd1bfbc981d27,2025-08-25T22:07:42.353605+00:00
0x0abbc482fbd91dbf413e3d6cc5622e03552ac13a,2025-08-25T22:07:42.356164+00:00
0x41e42664a9045d703c0f3429e762c4956778b45c,2025-08-25T22:07:42.357673+00:00
0x97c04623b4b5d67cc44d1c0eb8478e22759f531a,2025-08-25T22:07:42.358687+00:00
0x0dd45165d037eb56ab8f23d6cd5c6de556db0a13,2025-08-25T22:07:42.360719+00:00
0x4340f7a2df288df3f046bffcc6cb523e36c10e25,2025-08-25T22:07:42.363699+00:00
0x065ac3d33fec104fba9f2f4d674afaa7c4ebcf43,2025-08-25T22:07:42.365210+00:00
0x124ce844fab46dc12183dc35c82ccc9bc83fddd5,2025-08-25T22:07:42.366221+00:00
0x5a4bcf05f99c15950a7850a4e90668d339669a73,2025-08-25T22:07:42.368747+00:00
0x110d27ad63afdf840a3f5c4774f0b2f1c8880aef,2025-08-25T22:07:42.370775+00:00
0xe8832a868c091263ed190a9f4be304a03895dd91,2025-08-25T22:07:42.372786+00:00
0xe092911357f167a58406fd0012451999e5f1f0d9,2025-08-25T22:07:42.373787+00:00
0x1521277a7d5b630eb32e7809d03d54ee09ef1637,2025-08-25T22:07:42.375333+00:00
0x18158ea7fa1b0c82c9c95d80fc0d5858b3cd9d21,2025-08-25T22:07:42.377384+00:00
0x1095911d5b8ef22a99c469944fb6f945417d41a1,2025-08-25T22:07:42.380512+00:00
0x2b3bf74b29f59fb8dda41cf3d6a8da28cf8e7921,2025-08-25T22:07:42.381514+00:00
0xf6646256d431435c966b166982a85bd270c9291d,2025-08-25T22:07:42.383539+00:00
0x4a0c84757a9a7672e6310560f81ba2b2a0966044,2025-08-25T22:07:42.385560+00:00
0x7e2dd0db2b2cfd9e4084b7b3f5eee91caa404c4c,2025-08-25T22:07:42.386107+00:00
0x8c1e4b2339cd7733a87c24b5e353ce17e8a6e86a,2025-08-25T22:07:42.388668+00:00
0x4dbe10d830bd81dc2e878d005b4c6246b4f67ca3,2025-08-25T22:07:42.390668+00:00
0x35782906f4a189bd4e87830e636b6eed7507751a,2025-08-25T22:07:42.392674+00:00
0xeff02536c20247200764b6a07ae899dbe20e2c3c,2025-08-25T22:07:42.394671+00:00
0x397d1df22716ae0d8ab5076f5cd675b3c1645ad6,2025-08-25T22:07:42.396981+00:00
0xb1f4a0ee1418ad179cf0184b7ed2d552e6552844,2025-08-25T22:07:42.398508+00:00
0x0ee6e71122f7d5e54d07b44c8b4e7cfaf3cea7c8,2025-08-25T22:07:42.399510+00:00
0x1f11115eac6f7185290ea69a62b2645ca161a521,2025-08-25T22:07:42.401511+00:00
0xd4079b056a8f2bcc79f4596e29c76f61c644ffc3,2025-08-25T22:07:42.405561+00:00
0x6d7adc2e75a4635cd39a54d4a8258b41be48e2bf,2025-08-25T22:07:42.407518+00:00
0x7049a18279500a25864c509137d7de4ff0048957,2025-08-25T22:10:06.376849+00:00
0x9247db53aa77d2630a8da46cc33c950176578f65,2025-08-25T22:10:06.380885+00:00
0xc445a471debbc8ef54dbfd90af406b6a682313e3,2025-08-25T22:10:06.384906+00:00
0x6d0fd7ebd61ddc9260fc15be575e0693da6ab4b8,2025-08-25T22:10:06.388414+00:00
0xc066ac5d385419b1a8c43a0e146fa439837a8b8c,2025-08-25T22:10:06.392947+00:00
0x9390c7f9710ec3d88334396bd9151376ca8801c7,2025-08-25T22:10:06.395958+00:00
0x72db148beb37f307295015a2bdf430b5c928f30b,2025-08-25T22:10:06.405017+00:00
0xc378f73bfdd4dcbaa3e9b3e9fd9334b92f1312da,2025-08-25T22:10:06.410613+00:00
0x3727cfcbd85390bb11b3ff421878123adb866be8,2025-08-25T22:10:06.415151+00:00
0x22b0351d445840db59b97df3808dd642dcb17e96,2025-08-25T22:10:06.419240+00:00
0xc3d320765ae7f31cfbca2afc2f7fd7acbd80c405,2025-08-25T22:10:06.422767+00:00
0xc1b634853cb333d3ad8663715b08f41a3aec47cc,2025-08-25T22:10:06.425782+00:00
0xf0fd3b9fe58d7b4f6ae2ddd9981e1d3a122c8037,2025-08-25T22:10:06.429304+00:00
0x11b113383ce08e84001dc614f141ae4c27221e31,2025-08-25T22:10:06.432835+00:00
0x670cb35a157846edc735866ad9c9bc8a44c8145c,2025-08-25T22:10:06.437854+00:00
0x6af235d2bbe050e6291615b71ca5829658810142,2025-08-25T22:10:06.445921+00:00
0xff82bf5238637b7e5e345888bab9cd99f5ebe331,2025-08-25T22:10:06.450946+00:00
0xc1438f6c15883486eb58188e8070597cf738250d,2025-08-25T22:10:06.453974+00:00
0x72738519bcdf9f7e7349b73968ead4cdf2f8a9d4,2025-08-25T22:10:06.459498+00:00
0xc3c494ab0e774b025a5097b38095db48c047a2be,2025-08-25T22:10:06.466040+00:00
0x0b60c1ee6d01c3d5704eeae6c12552c7a63beead,2025-08-25T22:10:06.469557+00:00
0x7b5930c2185828505d7ad3bdfccddbfed6ed2be5,2025-08-25T22:10:06.472091+00:00
0xe401a6a38024d8f5ab88f1b08cad476ccaca45e8,2025-08-25T22:10:06.476105+00:00
0xde0e4baa56149d7d0fb0cc94e2c82a0fc3387d6c,2025-08-25T22:10:06.479154+00:00
0x395265ca755f7bb7a8c5c89241d1b0178727163e,2025-08-25T22:10:06.484206+00:00
0xe71cab44917bf40b072b47138a76006558cb29c6,2025-08-25T22:10:06.487716+00:00
0xeb61e99629b891a3cb4bbfa655efbd714de7f855,2025-08-25T22:10:06.492791+00:00
0x19e87b2b7c0554a626adcd1d54e7f625f277bee6,2025-08-25T22:10:06.499844+00:00
0x2b63b17a9f970a495a8b4af2dcba5ea5d45c8fcf,2025-08-25T22:10:06.508405+00:00
0xde651046523f96903773417304b731cf4d372c9d,2025-08-25T22:10:06.512960+00:00
0x91a0a3043f68986043d7083c4d85b558b21f0a7b,2025-08-25T22:10:06.518491+00:00
0x37b4e81e4ddbc40af2dc554553221b8f203e5132,2025-08-25T22:10:06.523062+00:00
0x267be1c1d684f78cb4f6a176c4911b741e4ffdc0,2025-08-25T22:10:06.530205+00:00
0x7abfcf767758abd3fbbdeb8c204186f716e1ae83,2025-08-25T22:10:06.535208+00:00
0x786a0f679ef7cc3cca8a1a5732e5691b5a052d8a,2025-08-25T22:10:06.542823+00:00
0x18ef22aa61db57eb9d90fe5700a5d156f14e6538,2025-08-25T22:10:06.555889+00:00
0x3799559c308d8eab770c892a96ed7e2ffc8091af,2025-08-25T22:10:06.574035+00:00
0xa1abfa21f80ecf401bd41365adbb6fef6fefdf09,2025-08-25T22:10:06.590296+00:00
0x8eb8a3b98659cce290402893d0123abb75e3ab28,2025-08-25T22:13:08.628396+00:00
0x56de1961fda5454e6f8e6d0e3124ff648fd69400,2025-08-25T22:13:08.631944+00:00
0xd5e6014d411a7705ae2c1f71fd719181908932d7,2025-08-25T22:13:08.634960+00:00
0x945586dedacd158474948f6662b7cc50e3f621a5,2025-08-25T22:13:08.637985+00:00
0x1e1c00a9817886f9e9c2b63c7713a91c38ef5d02,2025-08-25T22:13:08.640513+00:00
0xf8230a9a3b99421462134c03b70dd5b94bb3edef,2025-08-25T22:13:08.644051+00:00
0x9430801ebaf509ad49202aabc5f5bc6fd8a3daf8,2025-08-25T22:13:08.646043+00:00
0x61cb829db7fde2b1efb0c381a502ba1cf1da838e,2025-08-25T22:13:08.650157+00:00
0xd2adf24253056d45731a8561749fc9b2ffa4fe19,2025-08-25T22:13:08.652151+00:00
0x0bde59981fdeac219ce9e618d27f193438bff786,2025-08-25T22:13:08.654151+00:00
0x8fca4ade3a517133ff23ca55cdaea29c78c990b8,2025-08-25T22:13:08.656151+00:00
0x31b60ddbbbc1c9d94a7299fdcccc9158ae55f4a8,2025-08-25T22:13:08.657663+00:00
0x26e29cfe564a7ce686c0d07f9648448eb4533d82,2025-08-25T22:13:08.660226+00:00
0xb06ee1dec4be47f597709c907fb457263cf2a07c,2025-08-25T22:13:08.662227+00:00
0xb721fbe4fffa66dfdf27d2d23a1fa863c99988c1,2025-08-25T22:13:08.664229+00:00
0xf459cbb6637f55f40bea7dde29a49e33fbe93a0b,2025-08-25T22:13:08.666226+00:00
0x27bffb0f09c18539f9a47a39958bb149fe42a155,2025-08-25T22:13:08.677797+00:00
0xc280f318280a5e037eaf3561962bf4498df3f7aa,2025-08-25T22:13:08.680347+00:00
0x792eecff0cbc7765618a81f0ff2bef35b17e566a,2025-08-25T22:13:08.681349+00:00
0x96ca3e64765b4b45ece249c905a0bb37fec4f08f,2025-08-25T22:13:08.684359+00:00
0xb23360ccdd9ed1b15d45e5d3824bb409c8d7c460,2025-08-25T22:13:08.685365+00:00
0x930a46935042d35cc4393ff5f9b9bf9f2e3afd09,2025-08-25T22:13:08.687876+00:00
0xb1d41f3c30752ad3b64234e079162438c22dfc97,2025-08-25T22:13:08.689394+00:00
0x10f27821659cdde07b6554c5e4b2c38ab0e73c71,2025-08-25T22:13:08.691405+00:00
0x23be55946d58022a7697f893942e331908b38782,2025-08-25T22:13:08.693415+00:00
0x720c952e15ea261bc92406019826f51b02524dc8,2025-08-25T22:13:08.695420+00:00
0x678111a6ca5749f1744b5e080a855cec8d631e20,2025-08-25T22:13:08.697418+00:00
0x520ef9f4340bd188c7b6b4dfb71158036f4e40e5,2025-08-25T22:13:08.699468+00:00
0xfdf36c9e8b92860159db3a5168121c6842af8456,2025-08-25T22:13:08.700483+00:00
0x24aee57bee69d076fedec0f6396dcc011d2daeb4,2025-08-25T22:13:08.702995+00:00
0x38f7f543974072af60aacd313d4022e350fd2c1d,2025-08-25T22:13:08.705009+00:00
0x000000002a634f97eef66251b538046514d94f4a,2025-08-25T22:13:08.706012+00:00
0x3749dd5d2820dc16f8128c81b14a3eba5826e04f,2025-08-25T22:13:08.711060+00:00
0xd608bc832e4a78dee45102b05b42b2309a18d5f4,2025-08-25T22:13:08.713058+00:00
0xb6b593e4f63cdbea213ca785cce9f5883f534907,2025-08-25T22:13:08.714069+00:00
0xefbf4ba6cc7bd4c5198a6bc2ec3a0dec2e5a59d1,2025-08-25T22:13:08.716066+00:00
0xf16e48c904c6874b7978be6979451079c24b2450,2025-08-25T22:24:06.847588+00:00
0x4a06c9fb404c669fff0a4e549aa65147d9087365,2025-08-25T22:24:06.850120+00:00
0xa68c58162fedfc4a7e718e457b0820a790bbf3f0,2025-08-25T22:24:06.852133+00:00
0x876afe773ef1cc06ff57a5c4cd7fed27cf53167e,2025-08-25T22:24:06.854665+00:00
0xd184799b10b275ea150dfb9d7093301cdb5f50d7,2025-08-25T22:24:06.857187+00:00
0x6f77319a4ba5f101c6f1b4986735ffe2c9fc16c7,2025-08-25T22:24:06.859711+00:00
0x7c0357aa5033c49f44d069858364870001764599,2025-08-25T22:24:06.862726+00:00
0x68f734e92fb3dea64feb582327e293c8af263e96,2025-08-25T22:24:06.865263+00:00
0x41a571bc2d258cb76f6569386f622e89dc9c7a05,2025-08-25T22:24:06.869294+00:00
0xa2b0b06541d5ce8ed4f5b1f3ab136700eb1e9bf3,2025-08-25T22:24:06.871322+00:00
0xb5caa943ad8e918ad3eca06da0b687aae1b11f98,2025-08-25T22:24:06.873870+00:00
0x177fe0ddafd516637c1629df9eb81d075a0fc5c1,2025-08-25T22:24:06.876896+00:00
0x2713046138a25d447454494402a539a4a4b691e2,2025-08-25T22:31:53.778721+00:00
0x25b1559202de0bf503611c4a77c76bf05b45dc0d,2025-08-25T22:31:53.781322+00:00
0x868d1577869202496e812812ce0d02dd2a896fa0,2025-08-25T22:31:53.782868+00:00
0xed46fc747f072e84472abbb30dd3e89e2c02194c,2025-08-25T22:31:53.785431+00:00
0xb41c8089e88f3059b62029552cbe64a24dfb5cdb,2025-08-25T22:31:53.787463+00:00
0xb68f8a6dc92831dcfd9e3c63f385962f5cf0de64,2025-08-25T22:31:53.789008+00:00
0x1cb9f62a4f8e26562aa26a6ee845dc8ac296a6dc,2025-08-25T22:31:53.791525+00:00
0x9861b5fb5dcb24e0046e7f81c83a9efc5e69e6cd,2025-08-25T22:31:53.793034+00:00
0x639a6ea33cb06d3718f9455e3789ae9905dfbb22,2025-08-25T22:31:53.795060+00:00
0xedde02384457144b3c3afd5128aaf5e7a8fc690e,2025-08-25T22:31:53.798060+00:00
0x9efdd4e4414f168a075ac7a6138416dc0a5f3c42,2025-08-25T22:31:53.799563+00:00
0x4a3d85053de299ad6dafe9a9bbdaf2dc721509e3,2025-08-25T22:31:53.803082+00:00
